username;firstname;lastname;organization;email
Edvin van der Zee;Edvin;van der Zee;OVERSLAG;EdvinvanderZee@teleworm.us
Jurg Bruijn;Jurg;Bruijn;OVERSLAG;JurgBruijn@fleckens.hu
Nikolaas Vis;Nikolaas;Vis;OVERSLAG;NikolaasVis@superrito.com
Chuck Uil;Chuck;Uil;OVERSLAG;ChuckUil@cuvox.de
Emmelie Roozendaal;Emmelie;Roozendaal;OVERSLAG;EmmelieRoozendaal@fleckens.hu
Storm Helmink;Storm;Helmink;OVERSLAG;StormHelmink@gustr.com
Liam Wijbenga;Liam;Wijbenga;OVERSLAG;LiamWijbenga@rhyta.com
Dardan Wennekes;Dardan;Wennekes;OVERSLAG;DardanWennekes@rhyta.com
Emiel Rozenberg;Emiel;Rozenberg;OVERSLAG;EmielRozenberg@rhyta.com
Sadhana Barmentloo;Sadhana;Barmentloo;OVERSLAG;SadhanaBarmentloo@gustr.com
Arwen Cornelisse;Arwen;Cornelisse;OVERSLAG;ArwenCornelisse@rhyta.com
Najib van Muijden;Najib;van Muijden;OVERSLAG;NajibvanMuijden@fleckens.hu
Demian Yüksel;Demian;Yüksel;OVERSLAG;DemianYuksel@armyspy.com
Mariana Heetebrij;Mariana;Heetebrij;OVERSLAG;MarianaHeetebrij@teleworm.us
Jorit Kluft;Jorit;Kluft;OVERSLAG;JoritKluft@rhyta.com
Jort Kitzen;Jort;Kitzen;OVERSLAG;JortKitzen@superrito.com
Rawien Melenhorst;Rawien;Melenhorst;OVERSLAG;RawienMelenhorst@teleworm.us
Viënne van Geenen;Viënne;van Geenen;OVERSLAG;ViennevanGeenen@cuvox.de
Redwan der Kinderen;Redwan;der Kinderen;OVERSLAG;RedwanderKinderen@gustr.com
Tako de Rouw;Tako;de Rouw;OVERSLAG;TakodeRouw@cuvox.de
Stéphan van Hell;Stéphan;van Hell;OVERSLAG;StephanvanHell@gustr.com
Parisa Gomez;Parisa;Gomez;OVERSLAG;ParisaGomez@rhyta.com
Dingena Hospers;Dingena;Hospers;SNELS;DingenaHospers@superrito.com
Enya Stet;Enya;Stet;SNELS;EnyaStet@einrot.com
Yoni Beuk;Yoni;Beuk;SNELS;YoniBeuk@einrot.com
Evert-Jan van der Weij;Evert-Jan;van der Weij;SNELS;Evert-JanvanderWeij@armyspy.com
Nele Velthuizen;Nele;Velthuizen;SNELS;NeleVelthuizen@superrito.com
Ilyass Daal;Ilyass;Daal;SNELS;IlyassDaal@cuvox.de
Ceciel Tops;Ceciel;Tops;SNELS;CecielTops@fleckens.hu
Cheraine Adelaar;Cheraine;Adelaar;SNELS;CheraineAdelaar@armyspy.com
Arvid Groenewold;Arvid;Groenewold;BRAS;ArvidGroenewold@einrot.com
Lisette Baelemans;Lisette;Baelemans;BRAS;LisetteBaelemans@superrito.com
Cihad Naarden;Cihad;Naarden;BRAS;CihadNaarden@gustr.com
Darshan Hesse;Darshan;Hesse;BRAS;DarshanHesse@jourrapide.com
Marjo Leijen;Marjo;Leijen;BRAS;MarjoLeijen@rhyta.com
Suzana Soekhoe;Suzana;Soekhoe;BRAS;SuzanaSoekhoe@dayrep.com
Maurits Nagtzaam;Maurits;Nagtzaam;BRAS;MauritsNagtzaam@fleckens.hu
Margarethe Schuit;Margarethe;Schuit;BRAS;MargaretheSchuit@rhyta.com
Romero Overbeeke;Romero;Overbeeke;BRAS;RomeroOverbeeke@armyspy.com
Indira Borg;Indira;Borg;BRAS;IndiraBorg@jourrapide.com
Ugur Vaatstra;Ugur;Vaatstra;BRAS;UgurVaatstra@armyspy.com
Robbe Brommer;Robbe;Brommer;BRAS;RobbeBrommer@jourrapide.com
Terence Galama;Terence;Galama;BRAS;TerenceGalama@superrito.com
Diemer Leenen;Diemer;Leenen;BRAS;DiemerLeenen@superrito.com
Laetitia Rabelink;Laetitia;Rabelink;BRAS;LaetitiaRabelink@rhyta.com
Cassidy Marcus;Cassidy;Marcus;BRAS;CassidyMarcus@dayrep.com
Kenneth Broens;Kenneth;Broens;BRAS;KennethBroens@fleckens.hu
Benoît Balemans;Benoît;Balemans;BRAS;BenoitBalemans@superrito.com
Silvio Rijkhoff;Silvio;Rijkhoff;BRAS;SilvioRijkhoff@fleckens.hu
Hayri Entjes;Hayri;Entjes;BRAS;HayriEntjes@dayrep.com
